config,case,fit,syn,sem,sol,solMax
50-25-25,arbiter,1.78,0.85,0.68,433,499
50-25-25,minepump,1.80,0.63,0.94,493,567
50-25-25,RG1,1.75,0.60,0.91,374,422
50-25-25,RG2,1.76,0.75,0.76,501,557
50-25-25,Lift,1.77,0.54,1.00,296,340
50-25-25,HumanoidLTL_458,1.71,0.45,0.99,590,642
50-25-25,GyroUnrealizable_Var1,1.72,0.43,1.00,467,551
50-25-25,GyroUnrealizable_Var2,1.73,0.47,1.00,607,652
50-25-25,detector,0.87,0.66,0.83,529,567
50-25-25,full_arbiter,0.56,0.34,0.32,4,11
50-25-25,lily02,0.85,0.76,0.64,367,407
50-25-25,lily11,0.95,0.81,0.98,621,662
50-25-25,lily15,0.85,0.66,0.73,426,474
50-25-25,lily16,0.81,0.67,0.58,386,419
50-25-25,load_balancer,0.92,0.68,0.99,494,581
50-25-25,ltl2dba_R_2,0.89,0.57,0.97,614,683
50-25-25,ltl2dba_theta_2,0.90,0.70,0.89,630,652
50-25-25,ltl2dba27,0.88,0.54,0.98,582,669
50-25-25,prioritized_arbiter,0.72,0.60,0.33,12,29
50-25-25,round_robin,0.91,0.66,1.00,671,737
50-25-25,simple_arbiter,0.89,0.71,0.82,491,548
50-15-35,arbiter,0.87,0.80,0.68,392,487
50-15-35,minepump,0.94,0.60,0.98,465,561
50-15-35,RG1,0.92,0.62,0.93,272,378
50-15-35,RG2,0.87,0.61,0.79,412,492
50-15-35,Lift,0.93,0.54,1.00,212,283
50-15-35,HumanoidLTL_458,0.89,0.45,0.95,559,621
50-15-35,GyroUnrealizable_Var1,0.91,0.43,1.00,395,534
50-15-35,GyroUnrealizable_Var2,0.92,0.47,1.00,502,691
50-15-35,detector,0.90,0.66,0.85,517,570
50-15-35,full_arbiter,0.70,0.44,0.65,6,6
50-15-35,lily02,0.84,0.68,0.69,369,406
50-15-35,lily11,0.97,0.81,1.00,615,677
50-15-35,lily15,0.86,0.64,0.74,427,482
50-15-35,lily16,0.80,0.65,0.57,384,409
50-15-35,load_balancer,0.95,0.68,0.99,537,601
50-15-35,ltl2dba_R_2,0.93,0.52,1.00,627,672
50-15-35,ltl2dba_theta_2,0.91,0.67,0.88,640,680
50-15-35,ltl2dba27,0.92,0.52,0.98,554,606
50-15-35,prioritized_arbiter,0.75,0.61,0.53,11,20
50-15-35,round_robin,0.95,0.66,1.00,662,721
50-15-35,simple_arbiter,0.90,0.65,0.86,495,543
50-20-30,arbiter,0.89,0.82,0.71,414,515
50-20-30,minepump,0.92,0.61,0.97,424,488
50-20-30,RG1,0.89,0.58,0.90,291,408
50-20-30,RG2,0.87,0.72,0.76,446,531
50-20-30,Lift,0.91,0.54,1.00,234,288
50-20-30,HumanoidLTL_458,0.88,0.45,0.97,568,653
50-20-30,GyroUnrealizable_Var1,0.89,0.43,1.00,473,567
50-20-30,GyroUnrealizable_Var2,0.89,0.46,1.00,525,622
50-20-30,detector,0.88,0.65,0.83,495,550
50-20-30,full_arbiter,0.58,0.34,0.30,5,18
50-20-30,lily02,0.85,0.72,0.67,357,401
50-20-30,lily11,0.95,0.80,0.97,613,692
50-20-30,lily15,0.86,0.65,0.73,380,483
50-20-30,lily16,0.80,0.66,0.57,301,443
50-20-30,load_balancer,0.93,0.67,0.99,500,543
50-20-30,ltl2dba_R_2,0.91,0.54,0.99,605,647
50-20-30,ltl2dba_theta_2,0.91,0.69,0.89,636,681
50-20-30,ltl2dba27,0.90,0.55,0.96,563,663
50-20-30,prioritized_arbiter,0.67,0.58,0.27,10,19
50-20-30,round_robin,0.93,0.66,1.00,535,703
50-20-30,simple_arbiter,0.91,0.67,0.91,513,551
60-20-20,arbiter,0.99,0.87,0.68,448,518
60-20-20,minepump,0.97,0.60,0.90,512,563
60-20-20,RG1,0.93,0.63,0.78,388,458
60-20-20,RG2,0.98,0.73,0.64,473,512
60-20-20,Lift,0.92,0.54,1.00,318,363
60-20-20,HumanoidLTL_458,0.87,0.46,0.93,558,638
60-20-20,GyroUnrealizable_Var1,0.89,nan,nan,292,425
60-20-20,GyroUnrealizable_Var2,0.89,nan,nan,416,513
60-20-20,detector,0.90,0.67,0.81,437,560
60-20-20,full_arbiter,0.60,0.31,0.35,4,9
60-20-20,lily02,0.89,0.74,0.64,387,512
60-20-20,lily11,0.95,0.81,0.94,614,648
60-20-20,lily15,0.87,0.65,0.70,398,466
60-20-20,lily16,0.84,0.67,0.55,353,401
60-20-20,load_balancer,0.94,0.68,0.99,472,547
60-20-20,ltl2dba_R_2,0.91,0.58,0.95,613,641
60-20-20,ltl2dba_theta_2,0.91,0.70,0.88,618,661
60-20-20,ltl2dba27,0.90,0.56,0.93,561,633
60-20-20,prioritized_arbiter,0.75,0.59,0.32,10,20
60-20-20,round_robin,0.93,0.66,1.00,650,683
60-20-20,simple_arbiter,0.90,0.69,0.82,493,550
60-15-25,arbiter,0.90,0.85,0.68,421,488
60-15-25,minepump,0.94,0.61,0.98,424,527
60-15-25,RG1,0.89,0.57,0.83,312,421
60-15-25,RG2,0.89,0.65,0.78,434,543
60-15-25,Lift,0.93,0.54,1.00,195,345
60-15-25,HumanoidLTL_458,0.90,0.45,0.96,587,664
60-15-25,GyroUnrealizable_Var1,0.91,0.43,1.00,400,553
60-15-25,GyroUnrealizable_Var2,0.92,0.47,1.00,577,677
60-15-25,detector,0.91,0.68,0.82,510,565
60-15-25,full_arbiter,0.66,0.36,0.32,4,9
60-15-25,lily02,0.87,0.75,0.65,364,452
60-15-25,lily11,0.97,0.80,0.98,618,642
60-15-25,lily15,0.88,0.64,0.72,380,461
60-15-25,lily16,0.83,0.65,0.55,374,422
60-15-25,load_balancer,0.95,0.67,0.99,524,577
60-15-25,ltl2dba_R_2,0.93,0.56,0.98,633,711
60-15-25,ltl2dba_theta_2,0.93,0.68,0.90,644,691
60-15-25,ltl2dba27,0.92,0.55,0.97,570,624
60-15-25,prioritized_arbiter,0.76,0.59,0.35,13,23
60-15-25,round_robin,0.95,0.66,1.00,649,675
60-15-25,simple_arbiter,0.91,0.67,0.84,498,533
70-15-15,arbiter,0.92,0.86,0.61,356,402
70-15-15,minepump,0.94,0.63,0.95,402,450
70-15-15,RG1,0.90,0.67,0.63,188,345
70-15-15,RG2,0.91,0.69,0.66,358,483
70-15-15,Lift,0.93,0.54,1.00,249,321
70-15-15,HumanoidLTL_458,0.91,0.45,0.96,584,644
70-15-15,GyroUnrealizable_Var1,0.91,0.43,1.00,369,485
70-15-15,GyroUnrealizable_Var2,0.92,0.47,1.00,422,680
70-15-15,detector,0.92,0.67,0.82,519,564
70-15-15,full_arbiter,0.86,0.45,0.76,6,16
70-15-15,lily02,0.90,0.76,0.60,364,403
70-15-15,lily11,0.97,0.81,0.99,629,699
70-15-15,lily15,0.91,0.66,0.69,421,469
70-15-15,lily16,0.89,0.66,0.58,404,455
70-15-15,load_balancer,0.95,0.68,0.99,529,587
70-15-15,ltl2dba_R_2,0.93,0.59,0.91,620,655
70-15-15,ltl2dba_theta_2,0.93,0.69,0.88,630,660
70-15-15,ltl2dba27,0.92,0.55,0.93,579,634
70-15-15,prioritized_arbiter,0.85,0.64,0.44,12,31
70-15-15,round_robin,0.95,0.66,1.00,678,718
70-15-15,simple_arbiter,0.93,0.70,0.81,505,546
70-10-20,arbiter,0.94,0.79,0.77,482,521
70-10-20,minepump,0.96,0.61,0.98,504,569
70-10-20,RG1,0.94,0.58,0.89,403,451
70-10-20,RG2,0.93,0.69,0.79,508,553
70-10-20,Lift,0.95,0.54,1.00,345,396
70-10-20,HumanoidLTL_458,0.94,0.45,0.99,626,670
70-10-20,GyroUnrealizable_Var1,0.94,0.43,1.00,535,605
70-10-20,GyroUnrealizable_Var2,0.95,0.47,1.00,619,664
70-10-20,detector,0.94,0.66,0.86,507,578
70-10-20,full_arbiter,0.62,0.33,0.29,4,8
70-10-20,lily02,0.91,0.65,0.64,298,449
70-10-20,lily11,0.97,0.81,0.97,606,630
70-10-20,lily15,0.91,0.65,0.72,430,516
70-10-20,lily16,0.88,0.65,0.55,391,447
70-10-20,load_balancer,0.97,0.68,0.99,534,572
70-10-20,ltl2dba_R_2,0.95,0.53,1.00,609,652
70-10-20,ltl2dba_theta_2,0.95,0.68,0.89,635,704
70-10-20,ltl2dba27,0.94,0.53,0.95,580,611
70-10-20,prioritized_arbiter,0.82,0.61,0.37,14,23
70-10-20,round_robin,0.97,0.66,1.00,664,718
70-10-20,simple_arbiter,0.95,0.66,0.91,524,568
70-20-10,arbiter,0.95,0.90,0.66,448,532
70-20-10,minepump,0.93,0.70,0.79,467,497
70-20-10,RG1,0.91,0.73,0.67,320,399
70-20-10,RG2,0.93,0.82,0.62,406,509
70-20-10,Lift,0.91,0.54,1.00,194,349
70-20-10,HumanoidLTL_458,0.89,0.46,0.96,525,637
70-20-10,GyroUnrealizable_Var1,0.89,0.43,1.00,500,563
70-20-10,GyroUnrealizable_Var2,0.89,0.46,1.00,447,625
70-20-10,detector,0.92,0.68,0.81,497,567
70-20-10,full_arbiter,0.84,0.44,0.72,3,6
70-20-10,lily02,0.91,0.77,0.60,360,409
70-20-10,lily11,0.96,0.84,0.95,623,682
70-20-10,lily15,0.91,0.69,0.67,394,451
70-20-10,lily16,0.89,0.68,0.54,373,448
70-20-10,load_balancer,0.93,0.67,0.99,550,582
70-20-10,ltl2dba_R_2,0.92,0.66,0.86,623,670
70-20-10,ltl2dba_theta_2,0.93,0.74,0.81,617,674
70-20-10,ltl2dba27,0.91,0.61,0.87,568,608
70-20-10,prioritized_arbiter,0.87,0.64,0.41,13,27
70-20-10,round_robin,0.93,0.66,1.00,674,722
70-20-10,simple_arbiter,0.93,0.76,0.73,485,512
80-10-10,arbiter,0.95,0.86,0.67,427,490
80-10-10,minepump,0.96,0.64,0.95,442,537
80-10-10,RG1,0.95,0.60,0.92,355,402
80-10-10,RG2,0.95,0.74,0.71,432,458
80-10-10,Lift,0.95,0.54,1.00,214,267
80-10-10,HumanoidLTL_458,0.94,0.45,0.96,542,608
80-10-10,GyroUnrealizable_Var1,0.94,0.43,1.00,353,460
80-10-10,GyroUnrealizable_Var2,0.95,0.47,1.00,488,683
80-10-10,detector,0.95,0.65,0.83,512,573
80-10-10,full_arbiter,0.68,0.33,0.30,3,10
80-10-10,lily02,0.94,0.73,0.61,387,484
80-10-10,lily11,0.98,0.82,1.00,640,688
80-10-10,lily15,0.94,0.66,0.71,424,489
80-10-10,lily16,0.92,0.67,0.52,389,472
80-10-10,load_balancer,0.97,0.68,0.99,466,558
80-10-10,ltl2dba_R_2,0.96,0.59,0.96,620,670
80-10-10,ltl2dba_theta_2,0.96,0.70,0.86,660,735
80-10-10,ltl2dba27,0.95,0.56,0.97,562,631
80-10-10,prioritized_arbiter,0.78,0.56,0.28,9,22
80-10-10,round_robin,0.97,0.66,1.00,678,715
80-10-10,simple_arbiter,0.95,0.70,0.81,495,548
80-07-13,arbiter,0.95,0.78,0.73,406,459
80-07-13,minepump,0.97,0.61,0.97,420,552
80-07-13,RG1,0.94,0.59,0.81,304,401
80-07-13,RG2,0.95,0.64,0.78,402,516
80-07-13,Lift,0.97,0.54,1.00,201,302
80-07-13,HumanoidLTL_458,0.96,0.45,0.97,548,622
80-07-13,GyroUnrealizable_Var1,0.96,0.44,1.00,434,601
80-07-13,GyroUnrealizable_Var2,0.96,0.47,1.00,541,630
80-07-13,detector,0.96,0.64,0.86,522,565
80-07-13,full_arbiter,0.91,0.44,0.63,4,9
80-07-13,lily02,0.93,0.74,0.61,363,431
80-07-13,lily11,0.99,0.81,0.99,607,654
80-07-13,lily15,0.94,0.66,0.72,425,502
80-07-13,lily16,0.92,0.66,0.54,367,450
80-07-13,load_balancer,0.98,0.68,0.99,532,615
80-07-13,ltl2dba_R_2,0.97,0.55,0.99,618,662
80-07-13,ltl2dba_theta_2,0.96,0.69,0.88,654,693
80-07-13,ltl2dba27,0.96,0.52,0.95,582,633
80-07-13,prioritized_arbiter,0.89,0.64,0.34,10,20
80-07-13,round_robin,0.98,0.66,1.00,665,692
80-07-13,simple_arbiter,0.97,0.68,0.89,498,539
90-05-05,arbiter,0.98,0.86,0.68,467,531
90-05-05,minepump,0.98,0.62,0.95,481,559
90-05-05,RG1,0.98,0.62,0.88,380,436
90-05-05,RG2,0.98,0.77,0.74,459,540
90-05-05,Lift,0.98,0.54,1.00,303,345
90-05-05,HumanoidLTL_458,0.97,0.45,0.97,582,683
90-05-05,GyroUnrealizable_Var1,0.97,0.43,1.00,530,605
90-05-05,GyroUnrealizable_Var2,0.97,0.47,1.00,618,668
90-05-05,detector,0.97,0.66,0.76,498,579
90-05-05,full_arbiter,0.70,0.33,0.33,3,8
90-05-05,lily02,0.97,0.77,0.61,346,407
90-05-05,lily11,0.99,0.81,0.98,623,660
90-05-05,lily15,0.97,0.67,0.71,378,466
90-05-05,lily16,0.96,0.67,0.56,385,446
90-05-05,load_balancer,0.98,0.67,0.99,473,575
90-05-05,ltl2dba_R_2,0.98,0.60,0.96,621,708
90-05-05,ltl2dba_theta_2,0.98,0.70,0.87,649,694
90-05-05,ltl2dba27,0.97,0.54,0.95,524,676
90-05-05,prioritized_arbiter,0.86,0.56,0.27,11,28
90-05-05,round_robin,0.98,0.66,1.00,673,721
90-05-05,simple_arbiter,0.98,0.70,0.93,504,545
random,arbiter,0.87,0.80,0.48,6,9
random,minepump,0.96,0.64,0.99,21,27
random,RG1,0.93,0.74,0.78,5,9
random,RG2,0.88,0.69,0.57,21,26
random,Lift,0.95,0.53,1.00,1,3
random,HumanoidLTL_458,0.94,0.46,0.97,14,22
random,GyroUnrealizable_Var1,0.91,0.42,1.00,13,21
random,GyroUnrealizable_Var2,0.95,0.46,1.00,35,41
random,detector,0.92,0.68,0.78,21,26
random,full_arbiter,nan,0.46,0.52,6,6
random,lily02,0.86,0.70,0.53,4,6
random,lily11,0.96,0.79,0.89,35,39
random,lily15,0.85,0.66,0.51,4,4
random,lily16,0.86,0.65,0.50,6,6
random,load_balancer,0.97,0.67,1.00,29,34
random,ltl2dba_R_2,0.95,0.49,1.00,42,46
random,ltl2dba_theta_2,0.92,0.68,0.84,32,37
random,ltl2dba27,0.93,0.55,0.85,46,55
random,prioritized_arbiter,0.87,0.68,0.50,24,28
random,round_robin,0.97,0.65,1.00,76,84
random,simple_arbiter,0.87,0.71,0.53,17,21
REALSEM,arbiter,0.91,0.68,0.68,395,479
REALSEM,minepump,1.00,0.50,0.95,391,448
REALSEM,RG1,0.96,0.50,0.87,294,436
REALSEM,RG2,0.94,0.60,0.81,470,537
REALSEM,Lift,1.00,0.50,1.00,290,390
REALSEM,HumanoidLTL_458,0.99,0.45,0.97,560,629
REALSEM,GyroUnrealizable_Var1,1.00,0.35,1.00,365,597
REALSEM,GyroUnrealizable_Var2,1.00,0.38,1.00,429,598
REALSEM,detector,0.94,0.58,0.80,382,465
REALSEM,full_arbiter,0.59,0.30,0.25,3,6
REALSEM,lily02,0.90,0.53,0.64,236,387
REALSEM,lily11,0.99,0.72,0.96,587,663
REALSEM,lily15,0.92,0.64,0.71,354,479
REALSEM,lily16,0.87,0.62,0.55,294,422
REALSEM,load_balancer,1.00,0.55,0.99,510,588
REALSEM,ltl2dba_R_2,1.00,0.40,1.00,528,649
REALSEM,ltl2dba_theta_2,0.97,0.57,0.91,627,661
REALSEM,ltl2dba27,0.99,0.44,0.97,562,636
REALSEM,prioritized_arbiter,0.76,0.60,0.36,10,17
REALSEM,round_robin,1.00,0.51,1.00,695,730
REALSEM,simple_arbiter,0.96,0.57,0.85,527,565
REALSYN,arbiter,0.98,0.93,0.57,434,494
REALSYN,minepump,0.92,0.72,0.69,462,524
REALSYN,RG1,0.93,0.75,0.40,254,366
REALSYN,RG2,0.95,0.85,0.56,359,414
REALSYN,Lift,0.86,0.54,1.00,132,240
REALSYN,HumanoidLTL_458,0.84,0.48,0.50,538,578
REALSYN,GyroUnrealizable_Var1,0.83,0.43,1.00,396,522
REALSYN,GyroUnrealizable_Var2,0.84,0.47,1.00,482,615
REALSYN,detector,0.92,0.74,0.43,418,460
REALSYN,full_arbiter,0.84,0.47,0.30,374,430
REALSYN,lily02,0.93,0.78,0.54,306,359
REALSYN,lily11,0.96,0.85,0.85,445,608
REALSYN,lily15,0.92,0.73,0.42,253,402
REALSYN,lily16,0.91,0.70,0.37,196,344
REALSYN,load_balancer,0.90,0.68,0.98,384,523
REALSYN,ltl2dba_R_2,0.92,0.74,0.38,548,658
REALSYN,ltl2dba_theta_2,0.94,0.80,0.49,546,664
REALSYN,ltl2dba27,0.92,0.74,0.27,530,605
REALSYN,prioritized_arbiter,0.91,0.69,0.40,436,496
REALSYN,round_robin,0.90,0.66,1.00,649,672
REALSYN,simple_arbiter,0.94,0.79,0.56,478,545
RREAL,arbiter,0.99,0.88,0.65,381,469
RREAL,minepump,1.00,0.62,0.94,389,453
RREAL,RG1,1.00,0.61,0.88,346,458
RREAL,RG2,0.99,0.77,0.72,458,555
RREAL,Lift,1.00,0.54,1.00,220,297
RREAL,HumanoidLTL_458,0.99,0.45,0.98,569,647
RREAL,GyroUnrealizable_Var1,0.99,0.43,1.00,368,517
RREAL,GyroUnrealizable_Var2,0.99,0.47,1.00,562,663
RREAL,detector,1.13,0.66,0.83,531,566
RREAL,full_arbiter,0.76,0.31,0.31,3,7
RREAL,lily02,1.12,0.74,0.64,282,405
RREAL,lily11,1.16,0.81,0.94,350,586
RREAL,lily15,1.12,0.65,0.72,230,450
RREAL,lily16,1.10,0.67,0.55,240,398
RREAL,load_balancer,1.15,0.67,0.99,456,535
RREAL,ltl2dba_R_2,1.13,0.58,0.96,487,623
RREAL,ltl2dba_theta_2,1.14,0.71,0.85,533,609
RREAL,ltl2dba27,1.13,0.54,0.95,409,548
RREAL,prioritized_arbiter,0.89,0.53,0.28,8,25
RREAL,round_robin,1.15,0.66,1.00,646,676
RREAL,simple_arbiter,1.14,0.71,0.85,469,574
SEM,detector,0.50,0.26,0.50,0,1
SEM,full_arbiter,0.50,0.23,0.25,0,1
SEM,lily02,nan,nan,nan,0,0
SEM,lily11,0.70,0.58,0.70,2,6
SEM,lily15,nan,nan,nan,0,0
SEM,lily16,nan,nan,nan,0,0
SEM,load_balancer,0.79,0.45,0.78,3,7
SEM,ltl2dba_R_2,0.75,0.30,0.75,4,7
SEM,ltl2dba_theta_2,0.54,0.36,0.54,1,2
SEM,ltl2dba27,0.72,0.31,0.70,3,5
SEM,prioritized_arbiter,nan,nan,nan,0,0
SEM,round_robin,0.87,0.45,0.86,7,11
SEM,simple_arbiter,0.62,0.46,0.58,2,4
SYN,detector,0.44,0.44,0.25,1,3
SYN,full_arbiter,0.36,0.36,0.13,0,3
SYN,lily02,0.40,0.40,0.26,0,1
SYN,lily11,0.63,0.63,0.62,3,5
SYN,lily15,0.37,0.37,0.25,0,1
SYN,lily16,0.44,0.44,0.14,1,4
SYN,load_balancer,nan,nan,nan,0,0
SYN,ltl2dba_R_2,0.50,0.50,0.31,2,5
SYN,ltl2dba_theta_2,0.59,0.59,0.43,2,6
SYN,ltl2dba27,0.58,0.58,0.15,3,5
SYN,prioritized_arbiter,nan,nan,nan,0,0
SYN,round_robin,nan,nan,nan,0,0
SYN,simple_arbiter,0.49,0.49,0.32,0,3
SYNSEM,detector,nan,nan,nan,0,0
SYNSEM,full_arbiter,nan,nan,nan,0,0
SYNSEM,lily02,nan,nan,nan,0,0
SYNSEM,lily11,0.70,0.66,0.75,3,6
SYNSEM,lily15,nan,nan,nan,0,0
SYNSEM,lily16,nan,nan,nan,0,0
SYNSEM,load_balancer,nan,nan,nan,0,0
SYNSEM,ltl2dba_R_2,0.52,0.44,0.61,1,2
SYNSEM,ltl2dba_theta_2,0.43,0.35,0.50,0,1
SYNSEM,ltl2dba27,0.43,0.33,0.53,1,2
SYNSEM,prioritized_arbiter,nan,nan,nan,0,0
SYNSEM,round_robin,0.42,0.33,0.50,0,1
SYNSEM,simple_arbiter,nan,nan,nan,0,0
50-25-25,HumanoidLTL_503_Humanoid_fixed_unrealizable,0.66,0.19,0.46,4,6
50-25-25,HumanoidLTL_531_Humanoid_unrealizable,0.79,0.19,0.97,44,56
50-25-25,HumanoidLTL_741_Humanoid_unrealizable,0.56,0.22,nan,63,85
50-25-25,HumanoidLTL_742_Humanoid_unrealizable,0.55,0.19,nan,99,112
50-25-25,PcarLTL_769_PCar_fixed_unrealizable,nan,nan,nan,nan,nan
50-25-25,PCarLTL_Unrealizable_V_1_unrealizable.0_870_PCar_fixed_unrealizable,nan,nan,nan,nan,nan
50-25-25,PCarLTL_Unrealizable_V_2_unrealizable.0_888_PCar_fixed_unrealizable,0.55,0.15,0.29,3,6
50-15-35,HumanoidLTL_503_Humanoid_fixed_unrealizable,0.73,0.19,0.56,3,4
50-15-35,HumanoidLTL_531_Humanoid_unrealizable,0.87,0.19,0.99,45,54
50-15-35,HumanoidLTL_741_Humanoid_unrealizable,0.53,0.22,nan,75,81
50-15-35,HumanoidLTL_742_Humanoid_unrealizable,0.53,0.19,nan,112,122
50-15-35,PcarLTL_769_PCar_fixed_unrealizable,nan,nan,nan,nan,nan
50-15-35,PCarLTL_Unrealizable_V_1_unrealizable.0_870_PCar_fixed_unrealizable,nan,nan,nan,nan,nan
50-15-35,PCarLTL_Unrealizable_V_2_unrealizable.0_888_PCar_fixed_unrealizable,0.52,0.15,0.50,4,7
50-20-30,HumanoidLTL_503_Humanoid_fixed_unrealizable,0.70,0.20,0.56,2,3
50-20-30,HumanoidLTL_531_Humanoid_unrealizable,0.83,0.19,0.95,47,53
50-20-30,HumanoidLTL_741_Humanoid_unrealizable,0.54,0.22,nan,63,75
50-20-30,HumanoidLTL_742_Humanoid_unrealizable,0.54,0.19,nan,97,115
50-20-30,PcarLTL_769_PCar_fixed_unrealizable,nan,nan,nan,nan,nan
50-20-30,PCarLTL_Unrealizable_V_1_unrealizable.0_870_PCar_fixed_unrealizable,nan,nan,nan,nan,nan
50-20-30,PCarLTL_Unrealizable_V_2_unrealizable.0_888_PCar_fixed_unrealizable,0.53,0.15,nan,2,3
60-20-20,HumanoidLTL_503_Humanoid_fixed_unrealizable,0.74,0.19,0.51,3,3
60-20-20,HumanoidLTL_531_Humanoid_unrealizable,0.84,0.19,0.99,48,68
60-20-20,HumanoidLTL_741_Humanoid_unrealizable,0.64,0.22,nan,64,69
60-20-20,HumanoidLTL_742_Humanoid_unrealizable,0.64,0.19,nan,120,125
60-20-20,PcarLTL_769_PCar_fixed_unrealizable,nan,nan,nan,nan,nan
60-20-20,PCarLTL_Unrealizable_V_1_unrealizable.0_870_PCar_fixed_unrealizable,nan,nan,nan,nan,nan
60-20-20,PCarLTL_Unrealizable_V_2_unrealizable.0_888_PCar_fixed_unrealizable,0.65,0.16,0.29,4,7
60-15-25,HumanoidLTL_503_Humanoid_fixed_unrealizable,0.77,0.20,0.57,1,1
60-15-25,HumanoidLTL_531_Humanoid_unrealizable,0.86,0.19,0.94,43,64
60-15-25,HumanoidLTL_741_Humanoid_unrealizable,0.63,0.22,nan,59,66
60-15-25,HumanoidLTL_742_Humanoid_unrealizable,0.63,0.19,nan,105,129
60-15-25,PcarLTL_769_PCar_fixed_unrealizable,nan,nan,nan,nan,nan
60-15-25,PCarLTL_Unrealizable_V_1_unrealizable.0_870_PCar_fixed_unrealizable,nan,nan,nan,nan,nan
60-15-25,PCarLTL_Unrealizable_V_2_unrealizable.0_888_PCar_fixed_unrealizable,0.69,0.15,0.50,3,7
70-15-15,HumanoidLTL_503_Humanoid_fixed_unrealizable,0.80,0.19,0.51,4,4
70-15-15,HumanoidLTL_531_Humanoid_unrealizable,0.87,0.19,0.92,55,96
70-15-15,HumanoidLTL_741_Humanoid_unrealizable,0.73,0.22,nan,49,63
70-15-15,HumanoidLTL_742_Humanoid_unrealizable,0.73,0.19,nan,83,90
70-15-15,PcarLTL_769_PCar_fixed_unrealizable,nan,nan,nan,nan,nan
70-15-15,PCarLTL_Unrealizable_V_1_unrealizable.0_870_PCar_fixed_unrealizable,nan,nan,nan,nan,nan
70-15-15,PCarLTL_Unrealizable_V_2_unrealizable.0_888_PCar_fixed_unrealizable,0.72,0.15,0.50,3,8
70-10-20,HumanoidLTL_503_Humanoid_fixed_unrealizable,0.83,0.19,0.53,2,3
70-10-20,HumanoidLTL_531_Humanoid_unrealizable,0.91,0.19,0.95,41,69
70-10-20,HumanoidLTL_741_Humanoid_unrealizable,0.72,0.22,nan,48,64
70-10-20,HumanoidLTL_742_Humanoid_unrealizable,0.72,0.19,nan,96,109
70-10-20,PcarLTL_769_PCar_fixed_unrealizable,nan,nan,nan,nan,nan
70-10-20,PCarLTL_Unrealizable_V_1_unrealizable.0_870_PCar_fixed_unrealizable,nan,nan,nan,nan,nan
70-10-20,PCarLTL_Unrealizable_V_2_unrealizable.0_888_PCar_fixed_unrealizable,0.77,0.15,0.50,12,21
70-20-10,HumanoidLTL_503_Humanoid_fixed_unrealizable,0.80,0.20,0.57,2,4
70-20-10,HumanoidLTL_531_Humanoid_unrealizable,0.84,0.19,0.95,50,74
70-20-10,HumanoidLTL_741_Humanoid_unrealizable,0.74,0.22,nan,69,96
70-20-10,HumanoidLTL_742_Humanoid_unrealizable,0.74,0.19,nan,99,105
70-20-10,PcarLTL_769_PCar_fixed_unrealizable,nan,nan,nan,nan,nan
70-20-10,PCarLTL_Unrealizable_V_1_unrealizable.0_870_PCar_fixed_unrealizable,nan,nan,nan,nan,nan
70-20-10,PCarLTL_Unrealizable_V_2_unrealizable.0_888_PCar_fixed_unrealizable,0.76,0.16,0.36,4,5
80-10-10,HumanoidLTL_503_Humanoid_fixed_unrealizable,0.87,0.19,0.50,3,4
80-10-10,HumanoidLTL_531_Humanoid_unrealizable,0.91,0.19,0.94,48,70
80-10-10,HumanoidLTL_741_Humanoid_unrealizable,0.82,0.22,nan,53,65
80-10-10,HumanoidLTL_742_Humanoid_unrealizable,0.82,0.19,nan,107,131
80-10-10,PcarLTL_769_PCar_fixed_unrealizable,nan,nan,nan,nan,nan
80-10-10,PCarLTL_Unrealizable_V_1_unrealizable.0_870_PCar_fixed_unrealizable,nan,nan,nan,nan,nan
80-10-10,PCarLTL_Unrealizable_V_2_unrealizable.0_888_PCar_fixed_unrealizable,0.84,0.15,0.50,2,4
80-07-13,HumanoidLTL_503_Humanoid_fixed_unrealizable,0.89,0.20,0.57,3,4
80-07-13,HumanoidLTL_531_Humanoid_unrealizable,0.94,0.19,0.98,86,109
80-07-13,HumanoidLTL_741_Humanoid_unrealizable,0.82,0.22,nan,67,77
80-07-13,HumanoidLTL_742_Humanoid_unrealizable,0.81,0.19,nan,100,108
80-07-13,PcarLTL_769_PCar_fixed_unrealizable,nan,nan,nan,nan,nan
80-07-13,PCarLTL_Unrealizable_V_1_unrealizable.0_870_PCar_fixed_unrealizable,nan,nan,nan,nan,nan
80-07-13,PCarLTL_Unrealizable_V_2_unrealizable.0_888_PCar_fixed_unrealizable,0.83,0.15,0.50,2,2
90-05-05,HumanoidLTL_503_Humanoid_fixed_unrealizable,0.94,0.20,0.56,2,4
90-05-05,HumanoidLTL_531_Humanoid_unrealizable,0.96,0.19,0.96,38,48
90-05-05,HumanoidLTL_741_Humanoid_unrealizable,0.91,0.22,nan,80,90
90-05-05,HumanoidLTL_742_Humanoid_unrealizable,0.91,0.19,nan,97,105
90-05-05,PcarLTL_769_PCar_fixed_unrealizable,nan,nan,nan,nan,nan
90-05-05,PCarLTL_Unrealizable_V_1_unrealizable.0_870_PCar_fixed_unrealizable,nan,nan,nan,nan,nan
90-05-05,PCarLTL_Unrealizable_V_2_unrealizable.0_888_PCar_fixed_unrealizable,0.92,0.15,0.50,3,5
random,HumanoidLTL_503_Humanoid_fixed_unrealizable,nan,0.20,0.77,1,1
random,HumanoidLTL_531_Humanoid_unrealizable,nan,0.19,0.81,19,20
random,HumanoidLTL_741_Humanoid_unrealizable,nan,0.22,nan,11,12
random,HumanoidLTL_742_Humanoid_unrealizable,nan,0.19,nan,21,22
random,PcarLTL_769_PCar_fixed_unrealizable,nan,nan,nan,nan,nan
random,PCarLTL_Unrealizable_V_1_unrealizable.0_870_PCar_fixed_unrealizable,nan,nan,nan,nan,nan
random,PCarLTL_Unrealizable_V_2_unrealizable.0_888_PCar_fixed_unrealizable,nan,0.16,nan,4,5
SEM,HumanoidLTL_503_Humanoid_fixed_unrealizable,nan,nan,nan,0,0
SEM,HumanoidLTL_531_Humanoid_unrealizable,0.50,0.10,0.50,0,1
SEM,HumanoidLTL_741_Humanoid_unrealizable,nan,0.11,nan,1,1
SEM,HumanoidLTL_742_Humanoid_unrealizable,nan,0.12,nan,2,3
SEM,PcarLTL_769_PCar_fixed_unrealizable,nan,nan,nan,0,0
SEM,PCarLTL_Unrealizable_V_1_unrealizable.0_870_PCar_fixed_unrealizable,nan,nan,nan,0,0
SEM,PCarLTL_Unrealizable_V_2_unrealizable.0_888_PCar_fixed_unrealizable,nan,nan,nan,0,0
SYNSEM,HumanoidLTL_503_Humanoid_fixed_unrealizable,nan,nan,nan,0,0
SYNSEM,HumanoidLTL_531_Humanoid_unrealizable,nan,nan,nan,0,0
SYNSEM,HumanoidLTL_741_Humanoid_unrealizable,0.06,0.11,nan,0,1
SYNSEM,HumanoidLTL_742_Humanoid_unrealizable,0.06,0.13,nan,1,2
SYNSEM,PcarLTL_769_PCar_fixed_unrealizable,nan,nan,nan,0,0
SYNSEM,PCarLTL_Unrealizable_V_1_unrealizable.0_870_PCar_fixed_unrealizable,nan,nan,nan,0,0
SYNSEM,PCarLTL_Unrealizable_V_2_unrealizable.0_888_PCar_fixed_unrealizable,nan,nan,nan,0,0
SYN,HumanoidLTL_503_Humanoid_fixed_unrealizable,nan,nan,nan,0,0
SYN,HumanoidLTL_531_Humanoid_unrealizable,0.14,0.14,0.37,2,2
SYN,HumanoidLTL_741_Humanoid_unrealizable,0.11,0.11,nan,1,1
SYN,HumanoidLTL_742_Humanoid_unrealizable,0.16,0.16,nan,4,5
SYN,PcarLTL_769_PCar_fixed_unrealizable,nan,nan,nan,0,0
SYN,PCarLTL_Unrealizable_V_1_unrealizable.0_870_PCar_fixed_unrealizable,nan,nan,nan,0,0
SYN,PCarLTL_Unrealizable_V_2_unrealizable.0_888_PCar_fixed_unrealizable,0.12,0.12,0.74,2,4
REALSEM,HumanoidLTL_503_Humanoid_fixed_unrealizable,0.65,0.15,0.41,1,3
REALSEM,HumanoidLTL_531_Humanoid_unrealizable,0.95,0.18,0.90,23,31
REALSEM,HumanoidLTL_741_Humanoid_unrealizable,0.55,0.18,nan,5,8
REALSEM,HumanoidLTL_742_Humanoid_unrealizable,0.70,0.19,nan,80,118
REALSEM,PcarLTL_769_PCar_fixed_unrealizable,nan,nan,nan,0,0
REALSEM,PCarLTL_Unrealizable_V_1_unrealizable.0_870_PCar_fixed_unrealizable,nan,nan,nan,0,0
REALSEM,PCarLTL_Unrealizable_V_2_unrealizable.0_888_PCar_fixed_unrealizable,0.47,0.10,0.50,2,4
REALSYN,HumanoidLTL_503_Humanoid_fixed_unrealizable,0.76,0.20,0.54,534,565
REALSYN,HumanoidLTL_531_Humanoid_unrealizable,0.78,0.28,0.44,737,769
REALSYN,HumanoidLTL_741_Humanoid_unrealizable,0.77,0.22,nan,362,362
REALSYN,HumanoidLTL_742_Humanoid_unrealizable,0.76,0.19,nan,355,676
REALSYN,PcarLTL_769_PCar_fixed_unrealizable,nan,nan,nan,0,0
REALSYN,PCarLTL_Unrealizable_V_1_unrealizable.0_870_PCar_fixed_unrealizable,nan,nan,nan,0,0
REALSYN,PCarLTL_Unrealizable_V_2_unrealizable.0_888_PCar_fixed_unrealizable,0.75,0.15,0.42,7,11
RREAL,HumanoidLTL_503_Humanoid_fixed_unrealizable,0.85,0.16,0.45,6,6
RREAL,HumanoidLTL_531_Humanoid_unrealizable,0.99,0.19,0.91,38,58
RREAL,HumanoidLTL_741_Humanoid_unrealizable,0.98,0.22,nan,63,87
RREAL,HumanoidLTL_742_Humanoid_unrealizable,0.98,0.19,nan,90,100
RREAL,PcarLTL_769_PCar_fixed_unrealizable,nan,nan,nan,0,0
RREAL,PCarLTL_Unrealizable_V_1_unrealizable.0_870_PCar_fixed_unrealizable,nan,nan,nan,0,0
RREAL,PCarLTL_Unrealizable_V_2_unrealizable.0_888_PCar_fixed_unrealizable,0.83,0.13,0.57,4,6
